site,km,channel,antenna_dbi,eirp_dbm,fspl_db,rx_dbm,snr_db,clear_sky_mcs,mast_height_m
Head Office,1.8,5310/40,22.0,49.5,112.0,-41.0,50.9,9,15.1
Commercial Office Centro,2.5,5795/40,22.0,49.5,115.7,-44.7,47.3,9,18.5
Substation Norte,3.2,5230/40,22.0,49.5,116.9,-45.9,46.1,9,14.2
Thermal Plant A,4.0,5310/40,22.0,49.5,119.0,-48.0,44.0,9,12.7
Branch Office Sur,4.6,5670/40,22.0,49.5,120.8,-49.8,42.2,9,17.0
Substation Este,5.5,5190/40,22.0,49.5,121.6,-50.6,41.4,9,14.8
Operations Base,6.3,5755/40,22.0,49.5,123.6,-52.6,39.4,9,16.0
Thermal Plant B,7.0,5835/40,22.0,49.5,124.7,-53.7,38.3,9,12.4
Substation Oeste,7.8,5550/40,22.0,49.5,125.2,-54.2,37.8,9,15.1
Branch Office Norte,8.5,5510/40,28.0,50.0,125.9,-48.4,43.6,9,17.5
Thermal Plant C,9.4,5875/40,28.0,50.0,127.3,-49.8,42.2,9,14.9
Substation Sureste,10.2,5590/40,28.0,50.0,127.6,-50.1,41.9,9,17.6
Branch Office Valle,11.5,5710/40,28.0,50.0,128.8,-51.3,40.7,9,23.3
Thermal Plant D,12.6,5630/40,28.0,50.0,129.5,-52.0,40.0,9,16.1
Substation Lejana,13.8,5270/40,28.0,50.0,129.7,-52.2,39.8,9,23.2
